Number of sequences in alignment file:	3630
Neff:	443.49035766802706
Alignment sequence length:	329
|Train : Update 1000. Negative ELBO : 287941.781, BCE: 496.914, KLD_latent: 6.469, KLD_decoder_params_norm: 287438.406, Time: 41.41 |
|Train : Update 2000. Negative ELBO : 284552.812, BCE: 338.832, KLD_latent: 8.240, KLD_decoder_params_norm: 284205.719, Time: 80.23 |
|Train : Update 3000. Negative ELBO : 281257.812, BCE: 278.471, KLD_latent: 6.769, KLD_decoder_params_norm: 280972.562, Time: 119.12 |
|Train : Update 4000. Negative ELBO : 278000.406, BCE: 256.012, KLD_latent: 5.303, KLD_decoder_params_norm: 277739.094, Time: 158.05 |
|Train : Update 5000. Negative ELBO : 274761.031, BCE: 251.492, KLD_latent: 3.980, KLD_decoder_params_norm: 274505.562, Time: 197.18 |
|Train : Update 6000. Negative ELBO : 271519.875, BCE: 244.685, KLD_latent: 3.307, KLD_decoder_params_norm: 271271.875, Time: 236.46 |
|Train : Update 7000. Negative ELBO : 268281.906, BCE: 241.076, KLD_latent: 2.580, KLD_decoder_params_norm: 268038.250, Time: 275.76 |
|Train : Update 8000. Negative ELBO : 265043.500, BCE: 236.733, KLD_latent: 2.310, KLD_decoder_params_norm: 264804.469, Time: 315.21 |
|Train : Update 9000. Negative ELBO : 261808.703, BCE: 235.961, KLD_latent: 2.054, KLD_decoder_params_norm: 261570.688, Time: 356.67 |
|Train : Update 10000. Negative ELBO : 258574.922, BCE: 236.099, KLD_latent: 1.890, KLD_decoder_params_norm: 258336.938, Time: 398.32 |
|Train : Update 11000. Negative ELBO : 255338.516, BCE: 233.726, KLD_latent: 1.653, KLD_decoder_params_norm: 255103.141, Time: 439.48 |
|Train : Update 12000. Negative ELBO : 252104.625, BCE: 233.750, KLD_latent: 1.480, KLD_decoder_params_norm: 251869.391, Time: 480.49 |
|Train : Update 13000. Negative ELBO : 248869.562, BCE: 232.260, KLD_latent: 1.494, KLD_decoder_params_norm: 248635.797, Time: 520.40 |
|Train : Update 14000. Negative ELBO : 245635.234, BCE: 231.748, KLD_latent: 1.298, KLD_decoder_params_norm: 245402.188, Time: 560.83 |
|Train : Update 15000. Negative ELBO : 242401.750, BCE: 231.913, KLD_latent: 1.285, KLD_decoder_params_norm: 242168.562, Time: 601.01 |
|Train : Update 16000. Negative ELBO : 239167.078, BCE: 230.777, KLD_latent: 1.148, KLD_decoder_params_norm: 238935.156, Time: 641.17 |
|Train : Update 17000. Negative ELBO : 235933.078, BCE: 230.266, KLD_latent: 1.105, KLD_decoder_params_norm: 235701.703, Time: 682.20 |
|Train : Update 18000. Negative ELBO : 232700.547, BCE: 230.989, KLD_latent: 1.079, KLD_decoder_params_norm: 232468.484, Time: 723.91 |
|Train : Update 19000. Negative ELBO : 229467.234, BCE: 230.935, KLD_latent: 1.033, KLD_decoder_params_norm: 229235.266, Time: 765.50 |
|Train : Update 20000. Negative ELBO : 226233.594, BCE: 230.468, KLD_latent: 0.994, KLD_decoder_params_norm: 226002.125, Time: 807.22 |
|Train : Update 21000. Negative ELBO : 223000.172, BCE: 230.053, KLD_latent: 0.979, KLD_decoder_params_norm: 222769.141, Time: 850.76 |
|Train : Update 22000. Negative ELBO : 219768.078, BCE: 230.853, KLD_latent: 0.919, KLD_decoder_params_norm: 219536.297, Time: 891.82 |
|Train : Update 23000. Negative ELBO : 216535.062, BCE: 230.518, KLD_latent: 0.901, KLD_decoder_params_norm: 216303.641, Time: 932.02 |
|Train : Update 24000. Negative ELBO : 213302.156, BCE: 230.170, KLD_latent: 0.878, KLD_decoder_params_norm: 213071.109, Time: 972.17 |
|Train : Update 25000. Negative ELBO : 210069.891, BCE: 230.353, KLD_latent: 0.850, KLD_decoder_params_norm: 209838.688, Time: 1011.96 |
|Train : Update 26000. Negative ELBO : 206837.391, BCE: 230.037, KLD_latent: 0.827, KLD_decoder_params_norm: 206606.531, Time: 1051.22 |
|Train : Update 27000. Negative ELBO : 203605.109, BCE: 229.692, KLD_latent: 0.818, KLD_decoder_params_norm: 203374.609, Time: 1090.27 |
|Train : Update 28000. Negative ELBO : 200374.625, BCE: 230.993, KLD_latent: 0.819, KLD_decoder_params_norm: 200142.812, Time: 1129.28 |
|Train : Update 29000. Negative ELBO : 197142.156, BCE: 230.049, KLD_latent: 0.831, KLD_decoder_params_norm: 196911.281, Time: 1168.33 |
|Train : Update 30000. Negative ELBO : 193910.469, BCE: 229.667, KLD_latent: 0.696, KLD_decoder_params_norm: 193680.094, Time: 1207.44 |
|Train : Update 31000. Negative ELBO : 190679.312, BCE: 229.416, KLD_latent: 0.743, KLD_decoder_params_norm: 190449.141, Time: 1246.60 |
|Train : Update 32000. Negative ELBO : 187448.812, BCE: 229.494, KLD_latent: 0.740, KLD_decoder_params_norm: 187218.578, Time: 1285.69 |
|Train : Update 33000. Negative ELBO : 184218.391, BCE: 229.304, KLD_latent: 0.713, KLD_decoder_params_norm: 183988.375, Time: 1324.62 |
|Train : Update 34000. Negative ELBO : 180988.062, BCE: 228.830, KLD_latent: 0.695, KLD_decoder_params_norm: 180758.547, Time: 1363.76 |
|Train : Update 35000. Negative ELBO : 177758.625, BCE: 228.827, KLD_latent: 0.670, KLD_decoder_params_norm: 177529.125, Time: 1402.77 |
|Train : Update 36000. Negative ELBO : 174530.344, BCE: 229.439, KLD_latent: 0.650, KLD_decoder_params_norm: 174300.250, Time: 1441.13 |
|Train : Update 37000. Negative ELBO : 171302.469, BCE: 229.829, KLD_latent: 0.672, KLD_decoder_params_norm: 171071.969, Time: 1480.14 |
|Train : Update 38000. Negative ELBO : 168073.531, BCE: 228.712, KLD_latent: 0.631, KLD_decoder_params_norm: 167844.188, Time: 1519.16 |
|Train : Update 39000. Negative ELBO : 164847.188, BCE: 229.373, KLD_latent: 0.700, KLD_decoder_params_norm: 164617.109, Time: 1558.26 |
|Train : Update 40000. Negative ELBO : 161620.750, BCE: 229.337, KLD_latent: 0.620, KLD_decoder_params_norm: 161390.781, Time: 1597.64 |
|Train : Update 41000. Negative ELBO : 158395.172, BCE: 229.271, KLD_latent: 0.622, KLD_decoder_params_norm: 158165.281, Time: 1636.69 |
|Train : Update 42000. Negative ELBO : 155170.828, BCE: 229.529, KLD_latent: 0.620, KLD_decoder_params_norm: 154940.672, Time: 1675.77 |
|Train : Update 43000. Negative ELBO : 151946.562, BCE: 228.956, KLD_latent: 0.599, KLD_decoder_params_norm: 151717.016, Time: 1714.83 |
|Train : Update 44000. Negative ELBO : 148724.875, BCE: 229.814, KLD_latent: 0.630, KLD_decoder_params_norm: 148494.438, Time: 1753.95 |
|Train : Update 45000. Negative ELBO : 145502.766, BCE: 229.060, KLD_latent: 0.568, KLD_decoder_params_norm: 145273.141, Time: 1793.03 |
|Train : Update 46000. Negative ELBO : 142282.469, BCE: 228.815, KLD_latent: 0.585, KLD_decoder_params_norm: 142053.078, Time: 1832.09 |
|Train : Update 47000. Negative ELBO : 139064.109, BCE: 229.005, KLD_latent: 0.561, KLD_decoder_params_norm: 138834.547, Time: 1871.11 |
|Train : Update 48000. Negative ELBO : 135847.125, BCE: 228.883, KLD_latent: 0.597, KLD_decoder_params_norm: 135617.656, Time: 1910.24 |
|Train : Update 49000. Negative ELBO : 132631.828, BCE: 228.742, KLD_latent: 0.556, KLD_decoder_params_norm: 132402.531, Time: 1949.29 |
|Train : Update 50000. Negative ELBO : 129418.867, BCE: 228.850, KLD_latent: 0.570, KLD_decoder_params_norm: 129189.445, Time: 1988.31 |
|Train : Update 51000. Negative ELBO : 126208.023, BCE: 229.005, KLD_latent: 0.539, KLD_decoder_params_norm: 125978.477, Time: 2027.33 |
|Train : Update 52000. Negative ELBO : 123000.109, BCE: 229.496, KLD_latent: 0.560, KLD_decoder_params_norm: 122770.055, Time: 2066.38 |
|Train : Update 53000. Negative ELBO : 119793.641, BCE: 228.916, KLD_latent: 0.523, KLD_decoder_params_norm: 119564.203, Time: 2105.48 |
|Train : Update 54000. Negative ELBO : 116591.000, BCE: 229.070, KLD_latent: 0.529, KLD_decoder_params_norm: 116361.398, Time: 2144.46 |
|Train : Update 55000. Negative ELBO : 113392.844, BCE: 229.238, KLD_latent: 0.538, KLD_decoder_params_norm: 113163.070, Time: 2183.44 |
|Train : Update 56000. Negative ELBO : 110211.820, BCE: 228.915, KLD_latent: 0.542, KLD_decoder_params_norm: 109982.367, Time: 2222.34 |
|Train : Update 57000. Negative ELBO : 107034.812, BCE: 228.746, KLD_latent: 0.514, KLD_decoder_params_norm: 106805.555, Time: 2261.20 |
|Train : Update 58000. Negative ELBO : 103862.484, BCE: 228.689, KLD_latent: 0.520, KLD_decoder_params_norm: 103633.273, Time: 2300.13 |
|Train : Update 59000. Negative ELBO : 100694.812, BCE: 228.596, KLD_latent: 0.493, KLD_decoder_params_norm: 100465.727, Time: 2331.67 |
|Train : Update 60000. Negative ELBO : 97532.805, BCE: 229.137, KLD_latent: 0.512, KLD_decoder_params_norm: 97303.156, Time: 2362.03 |
|Train : Update 61000. Negative ELBO : 94368.891, BCE: 229.041, KLD_latent: 0.480, KLD_decoder_params_norm: 94139.375, Time: 2392.46 |
|Train : Update 62000. Negative ELBO : 91211.148, BCE: 228.514, KLD_latent: 0.478, KLD_decoder_params_norm: 90982.156, Time: 2422.88 |
|Train : Update 63000. Negative ELBO : 88064.500, BCE: 229.052, KLD_latent: 0.490, KLD_decoder_params_norm: 87834.953, Time: 2453.30 |
|Train : Update 64000. Negative ELBO : 84929.805, BCE: 228.825, KLD_latent: 0.502, KLD_decoder_params_norm: 84700.477, Time: 2483.66 |
|Train : Update 65000. Negative ELBO : 81803.664, BCE: 228.345, KLD_latent: 0.479, KLD_decoder_params_norm: 81574.844, Time: 2514.05 |
|Train : Update 66000. Negative ELBO : 78687.891, BCE: 228.521, KLD_latent: 0.462, KLD_decoder_params_norm: 78458.906, Time: 2544.40 |
|Train : Update 67000. Negative ELBO : 75583.594, BCE: 229.369, KLD_latent: 0.474, KLD_decoder_params_norm: 75353.750, Time: 2574.72 |
|Train : Update 68000. Negative ELBO : 72489.672, BCE: 228.682, KLD_latent: 0.474, KLD_decoder_params_norm: 72260.516, Time: 2605.14 |
|Train : Update 69000. Negative ELBO : 69409.383, BCE: 228.548, KLD_latent: 0.452, KLD_decoder_params_norm: 69180.383, Time: 2635.60 |
|Train : Update 70000. Negative ELBO : 66345.875, BCE: 228.925, KLD_latent: 0.498, KLD_decoder_params_norm: 66116.453, Time: 2665.96 |
|Train : Update 71000. Negative ELBO : 63303.461, BCE: 228.842, KLD_latent: 0.496, KLD_decoder_params_norm: 63074.121, Time: 2696.36 |
|Train : Update 72000. Negative ELBO : 60278.633, BCE: 228.683, KLD_latent: 0.538, KLD_decoder_params_norm: 60049.410, Time: 2726.77 |
|Train : Update 73000. Negative ELBO : 57273.305, BCE: 228.729, KLD_latent: 0.437, KLD_decoder_params_norm: 57044.137, Time: 2757.11 |
|Train : Update 74000. Negative ELBO : 54291.195, BCE: 228.626, KLD_latent: 0.467, KLD_decoder_params_norm: 54062.102, Time: 2787.50 |
|Train : Update 75000. Negative ELBO : 51338.457, BCE: 228.848, KLD_latent: 0.466, KLD_decoder_params_norm: 51109.145, Time: 2817.88 |
|Train : Update 76000. Negative ELBO : 48411.203, BCE: 228.529, KLD_latent: 0.434, KLD_decoder_params_norm: 48182.242, Time: 2848.24 |
|Train : Update 77000. Negative ELBO : 45517.637, BCE: 229.597, KLD_latent: 0.455, KLD_decoder_params_norm: 45287.582, Time: 2878.68 |
|Train : Update 78000. Negative ELBO : 42657.602, BCE: 229.000, KLD_latent: 0.453, KLD_decoder_params_norm: 42428.148, Time: 2909.03 |
|Train : Update 79000. Negative ELBO : 39835.320, BCE: 228.485, KLD_latent: 0.442, KLD_decoder_params_norm: 39606.395, Time: 2939.40 |
|Train : Update 80000. Negative ELBO : 37056.133, BCE: 228.584, KLD_latent: 0.436, KLD_decoder_params_norm: 36827.113, Time: 2969.77 |
|Train : Update 81000. Negative ELBO : 34323.516, BCE: 228.523, KLD_latent: 0.464, KLD_decoder_params_norm: 34094.527, Time: 3000.13 |
|Train : Update 82000. Negative ELBO : 31642.143, BCE: 228.627, KLD_latent: 0.428, KLD_decoder_params_norm: 31413.088, Time: 3030.55 |
|Train : Update 83000. Negative ELBO : 29017.531, BCE: 228.631, KLD_latent: 0.473, KLD_decoder_params_norm: 28788.428, Time: 3060.90 |
|Train : Update 84000. Negative ELBO : 26454.676, BCE: 228.435, KLD_latent: 0.431, KLD_decoder_params_norm: 26225.809, Time: 3091.31 |
|Train : Update 85000. Negative ELBO : 23960.264, BCE: 228.346, KLD_latent: 0.406, KLD_decoder_params_norm: 23731.512, Time: 3121.67 |
|Train : Update 86000. Negative ELBO : 21541.043, BCE: 228.343, KLD_latent: 0.418, KLD_decoder_params_norm: 21312.281, Time: 3151.99 |
|Train : Update 87000. Negative ELBO : 19204.611, BCE: 228.811, KLD_latent: 0.409, KLD_decoder_params_norm: 18975.391, Time: 3182.39 |
|Train : Update 88000. Negative ELBO : 16958.238, BCE: 228.855, KLD_latent: 0.415, KLD_decoder_params_norm: 16728.969, Time: 3212.78 |
|Train : Update 89000. Negative ELBO : 14810.401, BCE: 228.631, KLD_latent: 0.413, KLD_decoder_params_norm: 14581.358, Time: 3243.16 |
|Train : Update 90000. Negative ELBO : 12771.308, BCE: 228.857, KLD_latent: 0.444, KLD_decoder_params_norm: 12542.006, Time: 3273.54 |
|Train : Update 91000. Negative ELBO : 10849.688, BCE: 228.631, KLD_latent: 0.403, KLD_decoder_params_norm: 10620.653, Time: 3303.93 |
|Train : Update 92000. Negative ELBO : 9056.534, BCE: 228.264, KLD_latent: 0.404, KLD_decoder_params_norm: 8827.865, Time: 3334.64 |
|Train : Update 93000. Negative ELBO : 7404.350, BCE: 229.214, KLD_latent: 0.448, KLD_decoder_params_norm: 7174.688, Time: 3369.91 |
|Train : Update 94000. Negative ELBO : 5901.762, BCE: 228.989, KLD_latent: 0.403, KLD_decoder_params_norm: 5672.370, Time: 3406.31 |
|Train : Update 95000. Negative ELBO : 4561.214, BCE: 228.402, KLD_latent: 0.410, KLD_decoder_params_norm: 4332.402, Time: 3442.95 |
|Train : Update 96000. Negative ELBO : 3394.547, BCE: 228.444, KLD_latent: 0.389, KLD_decoder_params_norm: 3165.713, Time: 3479.80 |
|Train : Update 97000. Negative ELBO : 2413.183, BCE: 230.591, KLD_latent: 0.404, KLD_decoder_params_norm: 2182.188, Time: 3516.90 |
|Train : Update 98000. Negative ELBO : 1620.498, BCE: 230.832, KLD_latent: 0.405, KLD_decoder_params_norm: 1389.261, Time: 3554.07 |
|Train : Update 99000. Negative ELBO : 1018.980, BCE: 228.576, KLD_latent: 0.419, KLD_decoder_params_norm: 789.985, Time: 3590.77 |
|Train : Update 100000. Negative ELBO : 608.341, BCE: 228.546, KLD_latent: 0.387, KLD_decoder_params_norm: 379.408, Time: 3626.96 |
|Train : Update 101000. Negative ELBO : 368.491, BCE: 228.398, KLD_latent: 0.373, KLD_decoder_params_norm: 139.720, Time: 3663.72 |
|Train : Update 102000. Negative ELBO : 262.902, BCE: 228.640, KLD_latent: 0.411, KLD_decoder_params_norm: 33.852, Time: 3700.62 |
|Train : Update 103000. Negative ELBO : 234.631, BCE: 228.522, KLD_latent: 0.401, KLD_decoder_params_norm: 5.707, Time: 3737.38 |
|Train : Update 104000. Negative ELBO : 231.532, BCE: 228.453, KLD_latent: 0.393, KLD_decoder_params_norm: 2.686, Time: 3774.17 |
|Train : Update 105000. Negative ELBO : 231.764, BCE: 228.687, KLD_latent: 0.420, KLD_decoder_params_norm: 2.657, Time: 3811.16 |
|Train : Update 106000. Negative ELBO : 231.601, BCE: 228.610, KLD_latent: 0.390, KLD_decoder_params_norm: 2.600, Time: 3848.36 |
|Train : Update 107000. Negative ELBO : 231.571, BCE: 228.642, KLD_latent: 0.362, KLD_decoder_params_norm: 2.566, Time: 3885.17 |
|Train : Update 108000. Negative ELBO : 232.003, BCE: 229.032, KLD_latent: 0.396, KLD_decoder_params_norm: 2.575, Time: 3918.93 |
|Train : Update 109000. Negative ELBO : 231.343, BCE: 228.398, KLD_latent: 0.376, KLD_decoder_params_norm: 2.569, Time: 3951.53 |
|Train : Update 110000. Negative ELBO : 231.598, BCE: 228.656, KLD_latent: 0.388, KLD_decoder_params_norm: 2.555, Time: 3988.15 |
|Train : Update 111000. Negative ELBO : 231.624, BCE: 228.688, KLD_latent: 0.391, KLD_decoder_params_norm: 2.546, Time: 4024.74 |
|Train : Update 112000. Negative ELBO : 231.591, BCE: 228.654, KLD_latent: 0.393, KLD_decoder_params_norm: 2.544, Time: 4061.55 |
|Train : Update 113000. Negative ELBO : 231.311, BCE: 228.386, KLD_latent: 0.383, KLD_decoder_params_norm: 2.542, Time: 4098.45 |
|Train : Update 114000. Negative ELBO : 231.285, BCE: 228.404, KLD_latent: 0.372, KLD_decoder_params_norm: 2.509, Time: 4135.08 |
|Train : Update 115000. Negative ELBO : 231.358, BCE: 228.489, KLD_latent: 0.367, KLD_decoder_params_norm: 2.502, Time: 4171.86 |
|Train : Update 116000. Negative ELBO : 231.351, BCE: 228.423, KLD_latent: 0.417, KLD_decoder_params_norm: 2.510, Time: 4208.08 |
|Train : Update 117000. Negative ELBO : 231.209, BCE: 228.338, KLD_latent: 0.378, KLD_decoder_params_norm: 2.493, Time: 4244.74 |
|Train : Update 118000. Negative ELBO : 231.674, BCE: 228.800, KLD_latent: 0.372, KLD_decoder_params_norm: 2.502, Time: 4281.54 |
|Train : Update 119000. Negative ELBO : 231.265, BCE: 228.404, KLD_latent: 0.375, KLD_decoder_params_norm: 2.486, Time: 4318.42 |
|Train : Update 120000. Negative ELBO : 231.517, BCE: 228.621, KLD_latent: 0.410, KLD_decoder_params_norm: 2.487, Time: 4355.04 |
|Train : Update 121000. Negative ELBO : 231.476, BCE: 228.634, KLD_latent: 0.372, KLD_decoder_params_norm: 2.470, Time: 4391.72 |
|Train : Update 122000. Negative ELBO : 231.122, BCE: 228.320, KLD_latent: 0.359, KLD_decoder_params_norm: 2.444, Time: 4428.40 |
|Train : Update 123000. Negative ELBO : 231.325, BCE: 228.512, KLD_latent: 0.369, KLD_decoder_params_norm: 2.444, Time: 4465.08 |
|Train : Update 124000. Negative ELBO : 231.120, BCE: 228.317, KLD_latent: 0.352, KLD_decoder_params_norm: 2.451, Time: 4501.82 |
|Train : Update 125000. Negative ELBO : 231.234, BCE: 228.448, KLD_latent: 0.354, KLD_decoder_params_norm: 2.432, Time: 4534.46 |
|Train : Update 126000. Negative ELBO : 231.151, BCE: 228.351, KLD_latent: 0.350, KLD_decoder_params_norm: 2.451, Time: 4569.30 |
|Train : Update 127000. Negative ELBO : 231.222, BCE: 228.484, KLD_latent: 0.335, KLD_decoder_params_norm: 2.403, Time: 4606.39 |
|Train : Update 128000. Negative ELBO : 231.626, BCE: 228.865, KLD_latent: 0.359, KLD_decoder_params_norm: 2.402, Time: 4643.14 |
|Train : Update 129000. Negative ELBO : 231.367, BCE: 228.586, KLD_latent: 0.351, KLD_decoder_params_norm: 2.430, Time: 4680.35 |
|Train : Update 130000. Negative ELBO : 231.172, BCE: 228.415, KLD_latent: 0.355, KLD_decoder_params_norm: 2.402, Time: 4718.26 |
|Train : Update 131000. Negative ELBO : 231.261, BCE: 228.532, KLD_latent: 0.342, KLD_decoder_params_norm: 2.387, Time: 4755.48 |
|Train : Update 132000. Negative ELBO : 231.052, BCE: 228.327, KLD_latent: 0.343, KLD_decoder_params_norm: 2.382, Time: 4792.64 |
|Train : Update 133000. Negative ELBO : 231.238, BCE: 228.503, KLD_latent: 0.351, KLD_decoder_params_norm: 2.384, Time: 4829.65 |
|Train : Update 134000. Negative ELBO : 231.160, BCE: 228.441, KLD_latent: 0.346, KLD_decoder_params_norm: 2.373, Time: 4868.04 |
|Train : Update 135000. Negative ELBO : 231.126, BCE: 228.381, KLD_latent: 0.361, KLD_decoder_params_norm: 2.384, Time: 4906.18 |
|Train : Update 136000. Negative ELBO : 231.002, BCE: 228.298, KLD_latent: 0.340, KLD_decoder_params_norm: 2.365, Time: 4943.13 |
|Train : Update 137000. Negative ELBO : 231.061, BCE: 228.321, KLD_latent: 0.354, KLD_decoder_params_norm: 2.386, Time: 4980.65 |
|Train : Update 138000. Negative ELBO : 231.266, BCE: 228.574, KLD_latent: 0.335, KLD_decoder_params_norm: 2.357, Time: 5017.84 |
|Train : Update 139000. Negative ELBO : 230.971, BCE: 228.301, KLD_latent: 0.326, KLD_decoder_params_norm: 2.344, Time: 5055.11 |
|Train : Update 140000. Negative ELBO : 231.162, BCE: 228.483, KLD_latent: 0.341, KLD_decoder_params_norm: 2.337, Time: 5092.45 |
|Train : Update 141000. Negative ELBO : 231.100, BCE: 228.427, KLD_latent: 0.342, KLD_decoder_params_norm: 2.331, Time: 5130.41 |
|Train : Update 142000. Negative ELBO : 231.211, BCE: 228.519, KLD_latent: 0.341, KLD_decoder_params_norm: 2.352, Time: 5167.35 |
|Train : Update 143000. Negative ELBO : 231.261, BCE: 228.469, KLD_latent: 0.404, KLD_decoder_params_norm: 2.388, Time: 5203.15 |
|Train : Update 144000. Negative ELBO : 230.911, BCE: 228.226, KLD_latent: 0.337, KLD_decoder_params_norm: 2.348, Time: 5236.94 |
|Train : Update 145000. Negative ELBO : 231.312, BCE: 228.628, KLD_latent: 0.355, KLD_decoder_params_norm: 2.328, Time: 5269.16 |
|Train : Update 146000. Negative ELBO : 231.025, BCE: 228.365, KLD_latent: 0.334, KLD_decoder_params_norm: 2.326, Time: 5302.08 |
|Train : Update 147000. Negative ELBO : 231.167, BCE: 228.487, KLD_latent: 0.349, KLD_decoder_params_norm: 2.331, Time: 5338.58 |
|Train : Update 148000. Negative ELBO : 230.963, BCE: 228.290, KLD_latent: 0.349, KLD_decoder_params_norm: 2.325, Time: 5377.41 |
|Train : Update 149000. Negative ELBO : 231.341, BCE: 228.724, KLD_latent: 0.324, KLD_decoder_params_norm: 2.293, Time: 5415.65 |
|Train : Update 150000. Negative ELBO : 231.108, BCE: 228.420, KLD_latent: 0.352, KLD_decoder_params_norm: 2.336, Time: 5453.74 |
|Train : Update 151000. Negative ELBO : 230.973, BCE: 228.328, KLD_latent: 0.329, KLD_decoder_params_norm: 2.316, Time: 5492.23 |
|Train : Update 152000. Negative ELBO : 230.870, BCE: 228.228, KLD_latent: 0.337, KLD_decoder_params_norm: 2.305, Time: 5530.77 |
|Train : Update 153000. Negative ELBO : 230.990, BCE: 228.318, KLD_latent: 0.347, KLD_decoder_params_norm: 2.325, Time: 5569.33 |
|Train : Update 154000. Negative ELBO : 231.117, BCE: 228.445, KLD_latent: 0.355, KLD_decoder_params_norm: 2.318, Time: 5607.89 |
|Train : Update 155000. Negative ELBO : 230.932, BCE: 228.309, KLD_latent: 0.331, KLD_decoder_params_norm: 2.292, Time: 5646.95 |
|Train : Update 156000. Negative ELBO : 231.392, BCE: 228.772, KLD_latent: 0.345, KLD_decoder_params_norm: 2.276, Time: 5686.31 |
|Train : Update 157000. Negative ELBO : 230.913, BCE: 228.317, KLD_latent: 0.323, KLD_decoder_params_norm: 2.273, Time: 5724.31 |
|Train : Update 158000. Negative ELBO : 230.916, BCE: 228.323, KLD_latent: 0.318, KLD_decoder_params_norm: 2.275, Time: 5762.92 |
|Train : Update 159000. Negative ELBO : 230.980, BCE: 228.324, KLD_latent: 0.346, KLD_decoder_params_norm: 2.310, Time: 5802.31 |
|Train : Update 160000. Negative ELBO : 231.066, BCE: 228.463, KLD_latent: 0.323, KLD_decoder_params_norm: 2.280, Time: 5841.51 |
|Train : Update 161000. Negative ELBO : 230.908, BCE: 228.309, KLD_latent: 0.322, KLD_decoder_params_norm: 2.276, Time: 5876.02 |
|Train : Update 162000. Negative ELBO : 230.901, BCE: 228.296, KLD_latent: 0.335, KLD_decoder_params_norm: 2.270, Time: 5909.02 |
|Train : Update 163000. Negative ELBO : 230.905, BCE: 228.317, KLD_latent: 0.317, KLD_decoder_params_norm: 2.272, Time: 5945.94 |
|Train : Update 164000. Negative ELBO : 230.987, BCE: 228.387, KLD_latent: 0.330, KLD_decoder_params_norm: 2.270, Time: 5984.28 |
|Train : Update 165000. Negative ELBO : 230.936, BCE: 228.271, KLD_latent: 0.386, KLD_decoder_params_norm: 2.278, Time: 6021.90 |
|Train : Update 166000. Negative ELBO : 230.871, BCE: 228.304, KLD_latent: 0.309, KLD_decoder_params_norm: 2.257, Time: 6060.12 |
|Train : Update 167000. Negative ELBO : 231.047, BCE: 228.491, KLD_latent: 0.314, KLD_decoder_params_norm: 2.243, Time: 6098.73 |
|Train : Update 168000. Negative ELBO : 230.840, BCE: 228.256, KLD_latent: 0.330, KLD_decoder_params_norm: 2.254, Time: 6137.27 |
|Train : Update 169000. Negative ELBO : 230.860, BCE: 228.294, KLD_latent: 0.325, KLD_decoder_params_norm: 2.241, Time: 6174.97 |
|Train : Update 170000. Negative ELBO : 230.940, BCE: 228.380, KLD_latent: 0.320, KLD_decoder_params_norm: 2.241, Time: 6214.45 |
|Train : Update 171000. Negative ELBO : 230.774, BCE: 228.190, KLD_latent: 0.326, KLD_decoder_params_norm: 2.258, Time: 6252.84 |
|Train : Update 172000. Negative ELBO : 231.091, BCE: 228.525, KLD_latent: 0.324, KLD_decoder_params_norm: 2.242, Time: 6291.83 |
|Train : Update 173000. Negative ELBO : 231.030, BCE: 228.417, KLD_latent: 0.347, KLD_decoder_params_norm: 2.267, Time: 6331.63 |
|Train : Update 174000. Negative ELBO : 230.767, BCE: 228.219, KLD_latent: 0.312, KLD_decoder_params_norm: 2.237, Time: 6370.38 |
|Train : Update 175000. Negative ELBO : 230.796, BCE: 228.228, KLD_latent: 0.317, KLD_decoder_params_norm: 2.251, Time: 6407.91 |
|Train : Update 176000. Negative ELBO : 230.902, BCE: 228.383, KLD_latent: 0.301, KLD_decoder_params_norm: 2.218, Time: 6444.33 |
|Train : Update 177000. Negative ELBO : 230.874, BCE: 228.328, KLD_latent: 0.309, KLD_decoder_params_norm: 2.236, Time: 6479.50 |
|Train : Update 178000. Negative ELBO : 231.203, BCE: 228.635, KLD_latent: 0.321, KLD_decoder_params_norm: 2.247, Time: 6516.84 |
|Train : Update 179000. Negative ELBO : 231.080, BCE: 228.537, KLD_latent: 0.317, KLD_decoder_params_norm: 2.227, Time: 6554.00 |
|Train : Update 180000. Negative ELBO : 231.215, BCE: 228.641, KLD_latent: 0.343, KLD_decoder_params_norm: 2.231, Time: 6590.71 |
|Train : Update 181000. Negative ELBO : 231.411, BCE: 228.853, KLD_latent: 0.319, KLD_decoder_params_norm: 2.239, Time: 6627.23 |
|Train : Update 182000. Negative ELBO : 231.358, BCE: 228.805, KLD_latent: 0.323, KLD_decoder_params_norm: 2.230, Time: 6664.08 |
|Train : Update 183000. Negative ELBO : 230.960, BCE: 228.402, KLD_latent: 0.332, KLD_decoder_params_norm: 2.227, Time: 6701.18 |
|Train : Update 184000. Negative ELBO : 231.026, BCE: 228.471, KLD_latent: 0.317, KLD_decoder_params_norm: 2.238, Time: 6737.73 |
|Train : Update 185000. Negative ELBO : 230.814, BCE: 228.249, KLD_latent: 0.331, KLD_decoder_params_norm: 2.234, Time: 6774.45 |
|Train : Update 186000. Negative ELBO : 230.764, BCE: 228.250, KLD_latent: 0.303, KLD_decoder_params_norm: 2.210, Time: 6811.26 |
|Train : Update 187000. Negative ELBO : 230.915, BCE: 228.399, KLD_latent: 0.316, KLD_decoder_params_norm: 2.200, Time: 6847.92 |
|Train : Update 188000. Negative ELBO : 230.856, BCE: 228.324, KLD_latent: 0.320, KLD_decoder_params_norm: 2.212, Time: 6884.44 |
|Train : Update 189000. Negative ELBO : 230.899, BCE: 228.346, KLD_latent: 0.327, KLD_decoder_params_norm: 2.226, Time: 6920.96 |
|Train : Update 190000. Negative ELBO : 230.819, BCE: 228.278, KLD_latent: 0.321, KLD_decoder_params_norm: 2.220, Time: 6957.83 |
|Train : Update 191000. Negative ELBO : 230.950, BCE: 228.395, KLD_latent: 0.324, KLD_decoder_params_norm: 2.231, Time: 6994.86 |
|Train : Update 192000. Negative ELBO : 230.825, BCE: 228.321, KLD_latent: 0.306, KLD_decoder_params_norm: 2.197, Time: 7029.18 |
|Train : Update 193000. Negative ELBO : 230.753, BCE: 228.260, KLD_latent: 0.299, KLD_decoder_params_norm: 2.195, Time: 7061.16 |
|Train : Update 194000. Negative ELBO : 232.089, BCE: 229.582, KLD_latent: 0.305, KLD_decoder_params_norm: 2.202, Time: 7097.55 |
|Train : Update 195000. Negative ELBO : 230.807, BCE: 228.277, KLD_latent: 0.316, KLD_decoder_params_norm: 2.214, Time: 7134.11 |
|Train : Update 196000. Negative ELBO : 230.770, BCE: 228.279, KLD_latent: 0.302, KLD_decoder_params_norm: 2.189, Time: 7170.85 |
|Train : Update 197000. Negative ELBO : 231.071, BCE: 228.538, KLD_latent: 0.319, KLD_decoder_params_norm: 2.214, Time: 7207.42 |
|Train : Update 198000. Negative ELBO : 230.857, BCE: 228.343, KLD_latent: 0.314, KLD_decoder_params_norm: 2.200, Time: 7243.85 |
|Train : Update 199000. Negative ELBO : 230.795, BCE: 228.292, KLD_latent: 0.303, KLD_decoder_params_norm: 2.200, Time: 7280.30 |
|Train : Update 200000. Negative ELBO : 230.782, BCE: 228.294, KLD_latent: 0.302, KLD_decoder_params_norm: 2.186, Time: 7316.84 |
|Train : Update 201000. Negative ELBO : 230.761, BCE: 228.263, KLD_latent: 0.313, KLD_decoder_params_norm: 2.186, Time: 7353.35 |
|Train : Update 202000. Negative ELBO : 230.721, BCE: 228.200, KLD_latent: 0.316, KLD_decoder_params_norm: 2.205, Time: 7390.02 |
|Train : Update 203000. Negative ELBO : 230.739, BCE: 228.242, KLD_latent: 0.317, KLD_decoder_params_norm: 2.180, Time: 7426.74 |
|Train : Update 204000. Negative ELBO : 230.736, BCE: 228.234, KLD_latent: 0.310, KLD_decoder_params_norm: 2.192, Time: 7463.26 |
|Train : Update 205000. Negative ELBO : 230.711, BCE: 228.232, KLD_latent: 0.304, KLD_decoder_params_norm: 2.175, Time: 7499.76 |
|Train : Update 206000. Negative ELBO : 230.848, BCE: 228.354, KLD_latent: 0.314, KLD_decoder_params_norm: 2.180, Time: 7536.30 |
|Train : Update 207000. Negative ELBO : 230.749, BCE: 228.267, KLD_latent: 0.301, KLD_decoder_params_norm: 2.182, Time: 7572.72 |
|Train : Update 208000. Negative ELBO : 230.858, BCE: 228.375, KLD_latent: 0.302, KLD_decoder_params_norm: 2.181, Time: 7609.22 |
|Train : Update 209000. Negative ELBO : 230.795, BCE: 228.316, KLD_latent: 0.303, KLD_decoder_params_norm: 2.176, Time: 7640.26 |
|Train : Update 210000. Negative ELBO : 230.814, BCE: 228.311, KLD_latent: 0.316, KLD_decoder_params_norm: 2.186, Time: 7674.57 |
|Train : Update 211000. Negative ELBO : 230.723, BCE: 228.223, KLD_latent: 0.307, KLD_decoder_params_norm: 2.193, Time: 7711.20 |
|Train : Update 212000. Negative ELBO : 230.805, BCE: 228.293, KLD_latent: 0.324, KLD_decoder_params_norm: 2.188, Time: 7748.04 |
|Train : Update 213000. Negative ELBO : 231.069, BCE: 228.595, KLD_latent: 0.308, KLD_decoder_params_norm: 2.167, Time: 7784.83 |
|Train : Update 214000. Negative ELBO : 230.878, BCE: 228.390, KLD_latent: 0.309, KLD_decoder_params_norm: 2.178, Time: 7821.56 |
|Train : Update 215000. Negative ELBO : 230.641, BCE: 228.181, KLD_latent: 0.294, KLD_decoder_params_norm: 2.166, Time: 7858.21 |
|Train : Update 216000. Negative ELBO : 230.763, BCE: 228.272, KLD_latent: 0.321, KLD_decoder_params_norm: 2.170, Time: 7894.84 |
|Train : Update 217000. Negative ELBO : 230.716, BCE: 228.218, KLD_latent: 0.315, KLD_decoder_params_norm: 2.182, Time: 7931.50 |
|Train : Update 218000. Negative ELBO : 230.677, BCE: 228.218, KLD_latent: 0.295, KLD_decoder_params_norm: 2.164, Time: 7968.42 |
|Train : Update 219000. Negative ELBO : 230.644, BCE: 228.210, KLD_latent: 0.288, KLD_decoder_params_norm: 2.146, Time: 8005.18 |
|Train : Update 220000. Negative ELBO : 230.767, BCE: 228.271, KLD_latent: 0.315, KLD_decoder_params_norm: 2.181, Time: 8042.07 |
|Train : Update 221000. Negative ELBO : 230.762, BCE: 228.283, KLD_latent: 0.303, KLD_decoder_params_norm: 2.175, Time: 8078.77 |
|Train : Update 222000. Negative ELBO : 230.783, BCE: 228.304, KLD_latent: 0.310, KLD_decoder_params_norm: 2.168, Time: 8115.49 |
|Train : Update 223000. Negative ELBO : 230.727, BCE: 228.258, KLD_latent: 0.306, KLD_decoder_params_norm: 2.163, Time: 8152.16 |
|Train : Update 224000. Negative ELBO : 230.986, BCE: 228.476, KLD_latent: 0.325, KLD_decoder_params_norm: 2.184, Time: 8188.86 |
|Train : Update 225000. Negative ELBO : 230.856, BCE: 228.372, KLD_latent: 0.316, KLD_decoder_params_norm: 2.168, Time: 8224.08 |
|Train : Update 226000. Negative ELBO : 231.202, BCE: 228.736, KLD_latent: 0.307, KLD_decoder_params_norm: 2.159, Time: 8254.88 |
|Train : Update 227000. Negative ELBO : 231.397, BCE: 228.936, KLD_latent: 0.305, KLD_decoder_params_norm: 2.155, Time: 8285.87 |
|Train : Update 228000. Negative ELBO : 231.512, BCE: 229.053, KLD_latent: 0.304, KLD_decoder_params_norm: 2.154, Time: 8317.57 |
|Train : Update 229000. Negative ELBO : 230.689, BCE: 228.222, KLD_latent: 0.305, KLD_decoder_params_norm: 2.163, Time: 8353.09 |
|Train : Update 230000. Negative ELBO : 230.755, BCE: 228.286, KLD_latent: 0.317, KLD_decoder_params_norm: 2.151, Time: 8390.19 |
|Train : Update 231000. Negative ELBO : 230.718, BCE: 228.263, KLD_latent: 0.304, KLD_decoder_params_norm: 2.151, Time: 8426.98 |
|Train : Update 232000. Negative ELBO : 230.810, BCE: 228.344, KLD_latent: 0.312, KLD_decoder_params_norm: 2.154, Time: 8463.73 |
|Train : Update 233000. Negative ELBO : 230.770, BCE: 228.302, KLD_latent: 0.305, KLD_decoder_params_norm: 2.164, Time: 8500.54 |
|Train : Update 234000. Negative ELBO : 230.727, BCE: 228.272, KLD_latent: 0.305, KLD_decoder_params_norm: 2.151, Time: 8537.40 |
|Train : Update 235000. Negative ELBO : 230.659, BCE: 228.216, KLD_latent: 0.301, KLD_decoder_params_norm: 2.141, Time: 8574.27 |
|Train : Update 236000. Negative ELBO : 230.871, BCE: 228.421, KLD_latent: 0.309, KLD_decoder_params_norm: 2.142, Time: 8611.07 |
|Train : Update 237000. Negative ELBO : 230.661, BCE: 228.231, KLD_latent: 0.293, KLD_decoder_params_norm: 2.137, Time: 8647.91 |
|Train : Update 238000. Negative ELBO : 231.431, BCE: 228.956, KLD_latent: 0.314, KLD_decoder_params_norm: 2.161, Time: 8684.76 |
|Train : Update 239000. Negative ELBO : 231.404, BCE: 228.926, KLD_latent: 0.324, KLD_decoder_params_norm: 2.154, Time: 8721.60 |
|Train : Update 240000. Negative ELBO : 230.729, BCE: 228.279, KLD_latent: 0.305, KLD_decoder_params_norm: 2.146, Time: 8758.41 |
|Train : Update 241000. Negative ELBO : 230.880, BCE: 228.444, KLD_latent: 0.291, KLD_decoder_params_norm: 2.146, Time: 8795.40 |
|Train : Update 242000. Negative ELBO : 230.788, BCE: 228.318, KLD_latent: 0.311, KLD_decoder_params_norm: 2.159, Time: 8832.26 |
|Train : Update 243000. Negative ELBO : 230.801, BCE: 228.378, KLD_latent: 0.291, KLD_decoder_params_norm: 2.132, Time: 8869.15 |
|Train : Update 244000. Negative ELBO : 230.801, BCE: 228.364, KLD_latent: 0.296, KLD_decoder_params_norm: 2.141, Time: 8901.85 |
|Train : Update 245000. Negative ELBO : 230.658, BCE: 228.209, KLD_latent: 0.305, KLD_decoder_params_norm: 2.144, Time: 8932.56 |
|Train : Update 246000. Negative ELBO : 230.801, BCE: 228.344, KLD_latent: 0.315, KLD_decoder_params_norm: 2.141, Time: 8963.25 |
|Train : Update 247000. Negative ELBO : 230.706, BCE: 228.278, KLD_latent: 0.292, KLD_decoder_params_norm: 2.137, Time: 8993.91 |
|Train : Update 248000. Negative ELBO : 230.578, BCE: 228.137, KLD_latent: 0.294, KLD_decoder_params_norm: 2.147, Time: 9024.70 |
|Train : Update 249000. Negative ELBO : 230.806, BCE: 228.346, KLD_latent: 0.318, KLD_decoder_params_norm: 2.142, Time: 9055.47 |
|Train : Update 250000. Negative ELBO : 230.708, BCE: 228.275, KLD_latent: 0.307, KLD_decoder_params_norm: 2.126, Time: 9086.21 |
|Train : Update 251000. Negative ELBO : 230.933, BCE: 228.517, KLD_latent: 0.297, KLD_decoder_params_norm: 2.120, Time: 9116.93 |
|Train : Update 252000. Negative ELBO : 230.688, BCE: 228.260, KLD_latent: 0.304, KLD_decoder_params_norm: 2.123, Time: 9147.85 |
|Train : Update 253000. Negative ELBO : 230.717, BCE: 228.271, KLD_latent: 0.310, KLD_decoder_params_norm: 2.136, Time: 9179.03 |
|Train : Update 254000. Negative ELBO : 230.714, BCE: 228.252, KLD_latent: 0.321, KLD_decoder_params_norm: 2.141, Time: 9210.02 |
|Train : Update 255000. Negative ELBO : 230.634, BCE: 228.203, KLD_latent: 0.299, KLD_decoder_params_norm: 2.132, Time: 9241.19 |
|Train : Update 256000. Negative ELBO : 230.706, BCE: 228.263, KLD_latent: 0.306, KLD_decoder_params_norm: 2.136, Time: 9272.57 |
|Train : Update 257000. Negative ELBO : 230.748, BCE: 228.327, KLD_latent: 0.293, KLD_decoder_params_norm: 2.129, Time: 9303.51 |
|Train : Update 258000. Negative ELBO : 230.777, BCE: 228.359, KLD_latent: 0.295, KLD_decoder_params_norm: 2.123, Time: 9334.76 |
|Train : Update 259000. Negative ELBO : 230.680, BCE: 228.279, KLD_latent: 0.293, KLD_decoder_params_norm: 2.109, Time: 9366.18 |
|Train : Update 260000. Negative ELBO : 230.943, BCE: 228.512, KLD_latent: 0.307, KLD_decoder_params_norm: 2.124, Time: 9397.87 |
|Train : Update 261000. Negative ELBO : 230.861, BCE: 228.425, KLD_latent: 0.309, KLD_decoder_params_norm: 2.127, Time: 9428.58 |
|Train : Update 262000. Negative ELBO : 230.763, BCE: 228.372, KLD_latent: 0.284, KLD_decoder_params_norm: 2.107, Time: 9459.34 |
|Train : Update 263000. Negative ELBO : 230.798, BCE: 228.354, KLD_latent: 0.324, KLD_decoder_params_norm: 2.121, Time: 9490.07 |
|Train : Update 264000. Negative ELBO : 230.609, BCE: 228.209, KLD_latent: 0.289, KLD_decoder_params_norm: 2.111, Time: 9520.89 |
|Train : Update 265000. Negative ELBO : 230.621, BCE: 228.188, KLD_latent: 0.303, KLD_decoder_params_norm: 2.130, Time: 9551.73 |
|Train : Update 266000. Negative ELBO : 230.983, BCE: 228.573, KLD_latent: 0.298, KLD_decoder_params_norm: 2.111, Time: 9582.48 |
|Train : Update 267000. Negative ELBO : 230.736, BCE: 228.291, KLD_latent: 0.305, KLD_decoder_params_norm: 2.139, Time: 9613.27 |
|Train : Update 268000. Negative ELBO : 230.777, BCE: 228.377, KLD_latent: 0.288, KLD_decoder_params_norm: 2.111, Time: 9644.09 |
|Train : Update 269000. Negative ELBO : 230.751, BCE: 228.306, KLD_latent: 0.325, KLD_decoder_params_norm: 2.120, Time: 9675.22 |
|Train : Update 270000. Negative ELBO : 230.638, BCE: 228.201, KLD_latent: 0.313, KLD_decoder_params_norm: 2.124, Time: 9706.26 |
|Train : Update 271000. Negative ELBO : 230.923, BCE: 228.496, KLD_latent: 0.311, KLD_decoder_params_norm: 2.116, Time: 9737.02 |
|Train : Update 272000. Negative ELBO : 230.608, BCE: 228.191, KLD_latent: 0.290, KLD_decoder_params_norm: 2.127, Time: 9768.03 |
|Train : Update 273000. Negative ELBO : 230.896, BCE: 228.486, KLD_latent: 0.303, KLD_decoder_params_norm: 2.107, Time: 9799.13 |
|Train : Update 274000. Negative ELBO : 230.676, BCE: 228.290, KLD_latent: 0.282, KLD_decoder_params_norm: 2.104, Time: 9829.86 |
|Train : Update 275000. Negative ELBO : 231.110, BCE: 228.699, KLD_latent: 0.308, KLD_decoder_params_norm: 2.103, Time: 9860.62 |
|Train : Update 276000. Negative ELBO : 230.941, BCE: 228.536, KLD_latent: 0.293, KLD_decoder_params_norm: 2.112, Time: 9891.54 |
|Train : Update 277000. Negative ELBO : 231.570, BCE: 229.180, KLD_latent: 0.292, KLD_decoder_params_norm: 2.098, Time: 9922.28 |
|Train : Update 278000. Negative ELBO : 230.837, BCE: 228.390, KLD_latent: 0.323, KLD_decoder_params_norm: 2.124, Time: 9953.04 |
|Train : Update 279000. Negative ELBO : 230.668, BCE: 228.260, KLD_latent: 0.299, KLD_decoder_params_norm: 2.109, Time: 9983.89 |
|Train : Update 280000. Negative ELBO : 230.724, BCE: 228.281, KLD_latent: 0.322, KLD_decoder_params_norm: 2.121, Time: 10014.57 |
|Train : Update 281000. Negative ELBO : 230.677, BCE: 228.280, KLD_latent: 0.293, KLD_decoder_params_norm: 2.104, Time: 10045.26 |
|Train : Update 282000. Negative ELBO : 230.580, BCE: 228.172, KLD_latent: 0.296, KLD_decoder_params_norm: 2.112, Time: 10076.02 |
|Train : Update 283000. Negative ELBO : 230.528, BCE: 228.159, KLD_latent: 0.276, KLD_decoder_params_norm: 2.093, Time: 10107.64 |
|Train : Update 284000. Negative ELBO : 230.807, BCE: 228.397, KLD_latent: 0.300, KLD_decoder_params_norm: 2.110, Time: 10138.81 |
|Train : Update 285000. Negative ELBO : 231.055, BCE: 228.629, KLD_latent: 0.305, KLD_decoder_params_norm: 2.122, Time: 10169.49 |
|Train : Update 286000. Negative ELBO : 230.837, BCE: 228.435, KLD_latent: 0.297, KLD_decoder_params_norm: 2.106, Time: 10200.36 |
|Train : Update 287000. Negative ELBO : 230.776, BCE: 228.384, KLD_latent: 0.293, KLD_decoder_params_norm: 2.099, Time: 10231.23 |
|Train : Update 288000. Negative ELBO : 230.831, BCE: 228.442, KLD_latent: 0.287, KLD_decoder_params_norm: 2.102, Time: 10261.93 |
|Train : Update 289000. Negative ELBO : 230.589, BCE: 228.191, KLD_latent: 0.296, KLD_decoder_params_norm: 2.101, Time: 10292.60 |
|Train : Update 290000. Negative ELBO : 230.631, BCE: 228.245, KLD_latent: 0.291, KLD_decoder_params_norm: 2.095, Time: 10323.66 |
|Train : Update 291000. Negative ELBO : 230.888, BCE: 228.474, KLD_latent: 0.303, KLD_decoder_params_norm: 2.112, Time: 10354.90 |
|Train : Update 292000. Negative ELBO : 230.547, BCE: 228.157, KLD_latent: 0.289, KLD_decoder_params_norm: 2.101, Time: 10390.90 |
|Train : Update 293000. Negative ELBO : 230.718, BCE: 228.328, KLD_latent: 0.302, KLD_decoder_params_norm: 2.088, Time: 10427.58 |
|Train : Update 294000. Negative ELBO : 230.634, BCE: 228.212, KLD_latent: 0.317, KLD_decoder_params_norm: 2.105, Time: 10464.29 |
|Train : Update 295000. Negative ELBO : 230.833, BCE: 228.429, KLD_latent: 0.303, KLD_decoder_params_norm: 2.101, Time: 10500.99 |
|Train : Update 296000. Negative ELBO : 230.766, BCE: 228.342, KLD_latent: 0.318, KLD_decoder_params_norm: 2.106, Time: 10537.68 |
|Train : Update 297000. Negative ELBO : 230.871, BCE: 228.498, KLD_latent: 0.294, KLD_decoder_params_norm: 2.080, Time: 10575.13 |
|Train : Update 298000. Negative ELBO : 230.584, BCE: 228.197, KLD_latent: 0.298, KLD_decoder_params_norm: 2.089, Time: 10612.29 |
|Train : Update 299000. Negative ELBO : 231.035, BCE: 228.641, KLD_latent: 0.303, KLD_decoder_params_norm: 2.091, Time: 10649.13 |
|Train : Update 300000. Negative ELBO : 230.583, BCE: 228.182, KLD_latent: 0.303, KLD_decoder_params_norm: 2.098, Time: 10686.42 |
|Train : Update 301000. Negative ELBO : 230.611, BCE: 228.223, KLD_latent: 0.303, KLD_decoder_params_norm: 2.085, Time: 10723.24 |
|Train : Update 302000. Negative ELBO : 230.771, BCE: 228.376, KLD_latent: 0.297, KLD_decoder_params_norm: 2.097, Time: 10760.19 |
|Train : Update 303000. Negative ELBO : 230.668, BCE: 228.287, KLD_latent: 0.293, KLD_decoder_params_norm: 2.088, Time: 10796.89 |
|Train : Update 304000. Negative ELBO : 230.768, BCE: 228.379, KLD_latent: 0.301, KLD_decoder_params_norm: 2.088, Time: 10833.55 |
|Train : Update 305000. Negative ELBO : 230.800, BCE: 228.405, KLD_latent: 0.305, KLD_decoder_params_norm: 2.091, Time: 10870.25 |
|Train : Update 306000. Negative ELBO : 230.486, BCE: 228.119, KLD_latent: 0.284, KLD_decoder_params_norm: 2.083, Time: 10906.98 |
|Train : Update 307000. Negative ELBO : 230.563, BCE: 228.175, KLD_latent: 0.305, KLD_decoder_params_norm: 2.084, Time: 10941.14 |
|Train : Update 308000. Negative ELBO : 230.711, BCE: 228.334, KLD_latent: 0.298, KLD_decoder_params_norm: 2.079, Time: 10971.81 |
|Train : Update 309000. Negative ELBO : 230.582, BCE: 228.201, KLD_latent: 0.300, KLD_decoder_params_norm: 2.081, Time: 11002.49 |
|Train : Update 310000. Negative ELBO : 230.727, BCE: 228.348, KLD_latent: 0.294, KLD_decoder_params_norm: 2.085, Time: 11033.22 |
|Train : Update 311000. Negative ELBO : 230.629, BCE: 228.260, KLD_latent: 0.294, KLD_decoder_params_norm: 2.074, Time: 11064.26 |
|Train : Update 312000. Negative ELBO : 230.590, BCE: 228.212, KLD_latent: 0.289, KLD_decoder_params_norm: 2.089, Time: 11095.18 |
|Train : Update 313000. Negative ELBO : 230.771, BCE: 228.386, KLD_latent: 0.299, KLD_decoder_params_norm: 2.086, Time: 11126.16 |
|Train : Update 314000. Negative ELBO : 230.683, BCE: 228.311, KLD_latent: 0.298, KLD_decoder_params_norm: 2.075, Time: 11156.93 |
|Train : Update 315000. Negative ELBO : 230.551, BCE: 228.182, KLD_latent: 0.289, KLD_decoder_params_norm: 2.079, Time: 11187.77 |
|Train : Update 316000. Negative ELBO : 230.665, BCE: 228.279, KLD_latent: 0.307, KLD_decoder_params_norm: 2.080, Time: 11218.55 |
|Train : Update 317000. Negative ELBO : 230.704, BCE: 228.339, KLD_latent: 0.290, KLD_decoder_params_norm: 2.075, Time: 11249.20 |
|Train : Update 318000. Negative ELBO : 230.711, BCE: 228.327, KLD_latent: 0.292, KLD_decoder_params_norm: 2.093, Time: 11280.05 |
|Train : Update 319000. Negative ELBO : 230.641, BCE: 228.263, KLD_latent: 0.291, KLD_decoder_params_norm: 2.087, Time: 11310.76 |
|Train : Update 320000. Negative ELBO : 230.577, BCE: 228.185, KLD_latent: 0.307, KLD_decoder_params_norm: 2.086, Time: 11341.67 |
|Train : Update 321000. Negative ELBO : 230.601, BCE: 228.235, KLD_latent: 0.289, KLD_decoder_params_norm: 2.077, Time: 11372.39 |
|Train : Update 322000. Negative ELBO : 230.615, BCE: 228.221, KLD_latent: 0.302, KLD_decoder_params_norm: 2.092, Time: 11403.13 |
|Train : Update 323000. Negative ELBO : 230.656, BCE: 228.283, KLD_latent: 0.293, KLD_decoder_params_norm: 2.080, Time: 11433.94 |
|Train : Update 324000. Negative ELBO : 230.627, BCE: 228.246, KLD_latent: 0.300, KLD_decoder_params_norm: 2.081, Time: 11464.83 |
|Train : Update 325000. Negative ELBO : 230.631, BCE: 228.258, KLD_latent: 0.295, KLD_decoder_params_norm: 2.077, Time: 11495.88 |
|Train : Update 326000. Negative ELBO : 230.684, BCE: 228.287, KLD_latent: 0.309, KLD_decoder_params_norm: 2.088, Time: 11526.65 |
|Train : Update 327000. Negative ELBO : 230.957, BCE: 228.586, KLD_latent: 0.291, KLD_decoder_params_norm: 2.080, Time: 11557.66 |
|Train : Update 328000. Negative ELBO : 230.564, BCE: 228.197, KLD_latent: 0.289, KLD_decoder_params_norm: 2.078, Time: 11588.54 |
|Train : Update 329000. Negative ELBO : 230.831, BCE: 228.437, KLD_latent: 0.304, KLD_decoder_params_norm: 2.090, Time: 11619.48 |
|Train : Update 330000. Negative ELBO : 231.327, BCE: 228.956, KLD_latent: 0.292, KLD_decoder_params_norm: 2.080, Time: 11650.27 |
|Train : Update 331000. Negative ELBO : 230.604, BCE: 228.228, KLD_latent: 0.304, KLD_decoder_params_norm: 2.072, Time: 11681.06 |
|Train : Update 332000. Negative ELBO : 230.612, BCE: 228.242, KLD_latent: 0.298, KLD_decoder_params_norm: 2.072, Time: 11712.12 |
|Train : Update 333000. Negative ELBO : 230.848, BCE: 228.452, KLD_latent: 0.313, KLD_decoder_params_norm: 2.083, Time: 11743.00 |
|Train : Update 334000. Negative ELBO : 230.692, BCE: 228.342, KLD_latent: 0.283, KLD_decoder_params_norm: 2.067, Time: 11773.88 |
|Train : Update 335000. Negative ELBO : 230.667, BCE: 228.276, KLD_latent: 0.315, KLD_decoder_params_norm: 2.075, Time: 11804.81 |
|Train : Update 336000. Negative ELBO : 230.614, BCE: 228.254, KLD_latent: 0.291, KLD_decoder_params_norm: 2.069, Time: 11835.82 |
|Train : Update 337000. Negative ELBO : 230.574, BCE: 228.207, KLD_latent: 0.304, KLD_decoder_params_norm: 2.063, Time: 11866.71 |
|Train : Update 338000. Negative ELBO : 231.114, BCE: 228.761, KLD_latent: 0.288, KLD_decoder_params_norm: 2.064, Time: 11897.68 |
|Train : Update 339000. Negative ELBO : 230.674, BCE: 228.307, KLD_latent: 0.293, KLD_decoder_params_norm: 2.074, Time: 11928.60 |
|Train : Update 340000. Negative ELBO : 230.608, BCE: 228.240, KLD_latent: 0.293, KLD_decoder_params_norm: 2.074, Time: 11959.47 |
|Train : Update 341000. Negative ELBO : 230.596, BCE: 228.216, KLD_latent: 0.299, KLD_decoder_params_norm: 2.081, Time: 11993.28 |
|Train : Update 342000. Negative ELBO : 230.619, BCE: 228.243, KLD_latent: 0.293, KLD_decoder_params_norm: 2.082, Time: 12028.64 |
|Train : Update 343000. Negative ELBO : 230.643, BCE: 228.288, KLD_latent: 0.287, KLD_decoder_params_norm: 2.069, Time: 12065.03 |
|Train : Update 344000. Negative ELBO : 230.640, BCE: 228.276, KLD_latent: 0.298, KLD_decoder_params_norm: 2.066, Time: 12101.20 |
|Train : Update 345000. Negative ELBO : 230.566, BCE: 228.212, KLD_latent: 0.289, KLD_decoder_params_norm: 2.064, Time: 12137.21 |
|Train : Update 346000. Negative ELBO : 230.871, BCE: 228.487, KLD_latent: 0.301, KLD_decoder_params_norm: 2.084, Time: 12173.01 |
|Train : Update 347000. Negative ELBO : 230.580, BCE: 228.225, KLD_latent: 0.283, KLD_decoder_params_norm: 2.072, Time: 12208.79 |
|Train : Update 348000. Negative ELBO : 230.765, BCE: 228.386, KLD_latent: 0.304, KLD_decoder_params_norm: 2.074, Time: 12244.83 |
|Train : Update 349000. Negative ELBO : 230.651, BCE: 228.292, KLD_latent: 0.290, KLD_decoder_params_norm: 2.069, Time: 12280.41 |
|Train : Update 350000. Negative ELBO : 230.652, BCE: 228.272, KLD_latent: 0.301, KLD_decoder_params_norm: 2.078, Time: 12315.76 |
|Train : Update 351000. Negative ELBO : 230.643, BCE: 228.260, KLD_latent: 0.299, KLD_decoder_params_norm: 2.084, Time: 12351.13 |
|Train : Update 352000. Negative ELBO : 230.841, BCE: 228.442, KLD_latent: 0.327, KLD_decoder_params_norm: 2.072, Time: 12386.82 |
|Train : Update 353000. Negative ELBO : 230.612, BCE: 228.261, KLD_latent: 0.300, KLD_decoder_params_norm: 2.051, Time: 12423.00 |
|Train : Update 354000. Negative ELBO : 230.560, BCE: 228.220, KLD_latent: 0.288, KLD_decoder_params_norm: 2.052, Time: 12459.18 |
|Train : Update 355000. Negative ELBO : 230.792, BCE: 228.422, KLD_latent: 0.300, KLD_decoder_params_norm: 2.071, Time: 12495.43 |
|Train : Update 356000. Negative ELBO : 230.900, BCE: 228.519, KLD_latent: 0.315, KLD_decoder_params_norm: 2.067, Time: 12531.24 |
|Train : Update 357000. Negative ELBO : 230.499, BCE: 228.148, KLD_latent: 0.285, KLD_decoder_params_norm: 2.066, Time: 12567.37 |
|Train : Update 358000. Negative ELBO : 230.491, BCE: 228.149, KLD_latent: 0.288, KLD_decoder_params_norm: 2.053, Time: 12603.29 |
|Train : Update 359000. Negative ELBO : 230.977, BCE: 228.601, KLD_latent: 0.314, KLD_decoder_params_norm: 2.062, Time: 12637.24 |
|Train : Update 360000. Negative ELBO : 230.532, BCE: 228.199, KLD_latent: 0.278, KLD_decoder_params_norm: 2.056, Time: 12668.13 |
|Train : Update 361000. Negative ELBO : 230.596, BCE: 228.255, KLD_latent: 0.288, KLD_decoder_params_norm: 2.053, Time: 12698.65 |
|Train : Update 362000. Negative ELBO : 230.694, BCE: 228.321, KLD_latent: 0.302, KLD_decoder_params_norm: 2.071, Time: 12730.25 |
|Train : Update 363000. Negative ELBO : 230.543, BCE: 228.193, KLD_latent: 0.282, KLD_decoder_params_norm: 2.067, Time: 12765.62 |
|Train : Update 364000. Negative ELBO : 230.573, BCE: 228.227, KLD_latent: 0.294, KLD_decoder_params_norm: 2.052, Time: 12802.28 |
|Train : Update 365000. Negative ELBO : 230.603, BCE: 228.250, KLD_latent: 0.292, KLD_decoder_params_norm: 2.060, Time: 12838.98 |
|Train : Update 366000. Negative ELBO : 230.608, BCE: 228.270, KLD_latent: 0.288, KLD_decoder_params_norm: 2.049, Time: 12875.59 |
|Train : Update 367000. Negative ELBO : 230.562, BCE: 228.187, KLD_latent: 0.302, KLD_decoder_params_norm: 2.072, Time: 12912.25 |
|Train : Update 368000. Negative ELBO : 230.662, BCE: 228.303, KLD_latent: 0.298, KLD_decoder_params_norm: 2.061, Time: 12948.86 |
|Train : Update 369000. Negative ELBO : 230.596, BCE: 228.233, KLD_latent: 0.303, KLD_decoder_params_norm: 2.061, Time: 12985.57 |
|Train : Update 370000. Negative ELBO : 230.593, BCE: 228.234, KLD_latent: 0.302, KLD_decoder_params_norm: 2.058, Time: 13022.25 |
|Train : Update 371000. Negative ELBO : 230.585, BCE: 228.248, KLD_latent: 0.290, KLD_decoder_params_norm: 2.046, Time: 13058.92 |
|Train : Update 372000. Negative ELBO : 230.542, BCE: 228.211, KLD_latent: 0.286, KLD_decoder_params_norm: 2.045, Time: 13095.65 |
|Train : Update 373000. Negative ELBO : 230.573, BCE: 228.233, KLD_latent: 0.294, KLD_decoder_params_norm: 2.046, Time: 13132.32 |
|Train : Update 374000. Negative ELBO : 230.556, BCE: 228.201, KLD_latent: 0.298, KLD_decoder_params_norm: 2.057, Time: 13168.96 |
|Train : Update 375000. Negative ELBO : 230.636, BCE: 228.296, KLD_latent: 0.288, KLD_decoder_params_norm: 2.052, Time: 13205.64 |
|Train : Update 376000. Negative ELBO : 230.596, BCE: 228.248, KLD_latent: 0.291, KLD_decoder_params_norm: 2.057, Time: 13242.30 |
|Train : Update 377000. Negative ELBO : 230.772, BCE: 228.422, KLD_latent: 0.296, KLD_decoder_params_norm: 2.054, Time: 13279.00 |
|Train : Update 378000. Negative ELBO : 230.714, BCE: 228.381, KLD_latent: 0.289, KLD_decoder_params_norm: 2.045, Time: 13311.18 |
|Train : Update 379000. Negative ELBO : 230.847, BCE: 228.493, KLD_latent: 0.302, KLD_decoder_params_norm: 2.052, Time: 13341.75 |
|Train : Update 380000. Negative ELBO : 230.639, BCE: 228.287, KLD_latent: 0.304, KLD_decoder_params_norm: 2.048, Time: 13373.38 |
|Train : Update 381000. Negative ELBO : 230.602, BCE: 228.217, KLD_latent: 0.315, KLD_decoder_params_norm: 2.070, Time: 13403.82 |
|Train : Update 382000. Negative ELBO : 230.592, BCE: 228.237, KLD_latent: 0.312, KLD_decoder_params_norm: 2.042, Time: 13434.50 |
|Train : Update 383000. Negative ELBO : 230.752, BCE: 228.395, KLD_latent: 0.312, KLD_decoder_params_norm: 2.046, Time: 13468.41 |
|Train : Update 384000. Negative ELBO : 230.469, BCE: 228.148, KLD_latent: 0.275, KLD_decoder_params_norm: 2.046, Time: 13505.04 |
|Train : Update 385000. Negative ELBO : 230.548, BCE: 228.217, KLD_latent: 0.289, KLD_decoder_params_norm: 2.042, Time: 13541.77 |
|Train : Update 386000. Negative ELBO : 230.825, BCE: 228.484, KLD_latent: 0.296, KLD_decoder_params_norm: 2.045, Time: 13578.55 |
|Train : Update 387000. Negative ELBO : 230.590, BCE: 228.254, KLD_latent: 0.288, KLD_decoder_params_norm: 2.048, Time: 13615.18 |
|Train : Update 388000. Negative ELBO : 230.716, BCE: 228.360, KLD_latent: 0.308, KLD_decoder_params_norm: 2.048, Time: 13651.81 |
|Train : Update 389000. Negative ELBO : 230.771, BCE: 228.429, KLD_latent: 0.289, KLD_decoder_params_norm: 2.053, Time: 13688.58 |
|Train : Update 390000. Negative ELBO : 230.462, BCE: 228.128, KLD_latent: 0.285, KLD_decoder_params_norm: 2.049, Time: 13725.28 |
|Train : Update 391000. Negative ELBO : 230.914, BCE: 228.540, KLD_latent: 0.315, KLD_decoder_params_norm: 2.059, Time: 13761.90 |
|Train : Update 392000. Negative ELBO : 230.789, BCE: 228.438, KLD_latent: 0.303, KLD_decoder_params_norm: 2.048, Time: 13798.82 |
|Train : Update 393000. Negative ELBO : 230.461, BCE: 228.140, KLD_latent: 0.278, KLD_decoder_params_norm: 2.043, Time: 13835.55 |
|Train : Update 394000. Negative ELBO : 230.617, BCE: 228.275, KLD_latent: 0.292, KLD_decoder_params_norm: 2.050, Time: 13872.81 |
|Train : Update 395000. Negative ELBO : 230.548, BCE: 228.211, KLD_latent: 0.293, KLD_decoder_params_norm: 2.044, Time: 13909.51 |
|Train : Update 396000. Negative ELBO : 230.601, BCE: 228.271, KLD_latent: 0.280, KLD_decoder_params_norm: 2.050, Time: 13946.12 |
|Train : Update 397000. Negative ELBO : 230.681, BCE: 228.357, KLD_latent: 0.286, KLD_decoder_params_norm: 2.037, Time: 13982.75 |
|Train : Update 398000. Negative ELBO : 230.560, BCE: 228.223, KLD_latent: 0.295, KLD_decoder_params_norm: 2.042, Time: 14018.88 |
|Train : Update 399000. Negative ELBO : 230.680, BCE: 228.338, KLD_latent: 0.295, KLD_decoder_params_norm: 2.047, Time: 14049.45 |
|Train : Update 400000. Negative ELBO : 230.607, BCE: 228.260, KLD_latent: 0.301, KLD_decoder_params_norm: 2.046, Time: 14080.11 |
Number of sequences in alignment file:	3630
Neff:	443.49035766802706
Alignment sequence length:	329
|Train : Update 1000. Negative ELBO : 287960.844, BCE: 513.705, KLD_latent: 5.393, KLD_decoder_params_norm: 287441.719, Time: 38.57 |
|Train : Update 2000. Negative ELBO : 284573.938, BCE: 352.276, KLD_latent: 7.107, KLD_decoder_params_norm: 284214.562, Time: 76.51 |
|Train : Update 3000. Negative ELBO : 281282.781, BCE: 289.766, KLD_latent: 6.016, KLD_decoder_params_norm: 280986.969, Time: 118.34 |
|Train : Update 4000. Negative ELBO : 278026.219, BCE: 262.937, KLD_latent: 4.962, KLD_decoder_params_norm: 277758.312, Time: 160.39 |
|Train : Update 5000. Negative ELBO : 274788.188, BCE: 255.811, KLD_latent: 3.709, KLD_decoder_params_norm: 274528.656, Time: 202.19 |
|Train : Update 6000. Negative ELBO : 271551.688, BCE: 250.164, KLD_latent: 3.157, KLD_decoder_params_norm: 271298.375, Time: 243.96 |
|Train : Update 7000. Negative ELBO : 268314.938, BCE: 244.804, KLD_latent: 2.471, KLD_decoder_params_norm: 268067.656, Time: 285.66 |
|Train : Update 8000. Negative ELBO : 265077.125, BCE: 238.288, KLD_latent: 2.241, KLD_decoder_params_norm: 264836.594, Time: 327.45 |
|Train : Update 9000. Negative ELBO : 261846.172, BCE: 238.873, KLD_latent: 1.994, KLD_decoder_params_norm: 261605.297, Time: 369.13 |
|Train : Update 10000. Negative ELBO : 258612.109, BCE: 236.491, KLD_latent: 1.804, KLD_decoder_params_norm: 258373.828, Time: 410.89 |
Number of sequences in alignment file:	3630
Neff:	443.49035766802706
Alignment sequence length:	329
Number of sequences in alignment file:	3630
Neff:	443.49035766802706
Alignment sequence length:	329
Number of sequences in alignment file:	3630
Neff:	443.49035766802706
Alignment sequence length:	329
|Train : Update 1000. Negative ELBO : 287960.844, BCE: 513.705, KLD_latent: 5.393, KLD_decoder_params_norm: 287441.719, Time: 37.35 |
|Train : Update 2000. Negative ELBO : 284573.938, BCE: 352.276, KLD_latent: 7.107, KLD_decoder_params_norm: 284214.562, Time: 72.87 |
|Train : Update 3000. Negative ELBO : 281282.781, BCE: 289.766, KLD_latent: 6.016, KLD_decoder_params_norm: 280986.969, Time: 108.37 |
|Train : Update 4000. Negative ELBO : 278026.219, BCE: 262.937, KLD_latent: 4.962, KLD_decoder_params_norm: 277758.312, Time: 144.05 |
|Train : Update 5000. Negative ELBO : 274788.188, BCE: 255.811, KLD_latent: 3.709, KLD_decoder_params_norm: 274528.656, Time: 179.87 |
Number of sequences in alignment file:	3630
Neff:	443.49035766802706
Alignment sequence length:	329
